threshold,precision,recall,f1,true_negatives,false_positives,false_negatives,true_positives,business_cost
0.05,0.3530971318389973,0.979933110367893,0.5191353649893693,1455,2684,30,1465,149200.0
0.06,0.3656210790464241,0.974581939799331,0.5317518248175183,1611,2528,38,1457,145400.0
0.07,0.3752272137107245,0.9665551839464883,0.5405910961466517,1733,2406,50,1445,145300.0
0.08,0.3857335127860027,0.9585284280936455,0.5500959692898273,1857,2282,62,1433,145100.0
0.09,0.39456159822419534,0.9511705685618729,0.5577564228280055,1957,2182,73,1422,145600.0
0.09999999999999999,0.40401721664275464,0.9418060200668896,0.5654618473895582,2062,2077,87,1408,147350.0
0.10999999999999999,0.41138307283987025,0.9331103678929766,0.5710192386410151,2143,1996,100,1395,149800.0
0.12,0.42084472804618656,0.9264214046822743,0.5787714166318428,2233,1906,110,1385,150300.0
0.13,0.42946317103620474,0.9204013377926421,0.5856565226643967,2311,1828,119,1376,150900.0
0.13999999999999999,0.43515850144092216,0.9090301003344482,0.5885664789952361,2375,1764,136,1359,156200.0
0.14999999999999997,0.4426552744002629,0.9010033444816054,0.5936535918907008,2443,1696,148,1347,158800.0
0.15999999999999998,0.4510595358224016,0.8969899665551839,0.6002685765443151,2507,1632,154,1341,158600.0
0.16999999999999998,0.4569672131147541,0.8949832775919733,0.6050192177255257,2549,1590,157,1338,158000.0
0.18,0.4638849929873773,0.8849498327759198,0.6086956521739131,2610,1529,172,1323,162450.0
0.19,0.47217235188509876,0.8795986622073578,0.6144859813084113,2669,1470,180,1315,163500.0
0.19999999999999996,0.4782448377581121,0.8675585284280937,0.6165913952935583,2724,1415,198,1297,169750.0
0.20999999999999996,0.48361581920903957,0.8588628762541806,0.6187951807228915,2768,1371,211,1284,174050.0
0.21999999999999997,0.48805855161787365,0.8474916387959867,0.6194084575898313,2810,1329,228,1267,180450.0
0.22999999999999998,0.49349625541978714,0.8374581939799332,0.621031746031746,2854,1285,243,1252,185750.0
0.24,0.5018094089264173,0.8347826086956521,0.6268206931190357,2900,1239,247,1248,185450.0
0.24999999999999994,0.511340206185567,0.8294314381270903,0.6326530612244898,2954,1185,255,1240,186750.0
0.25999999999999995,0.5179249261914803,0.8214046822742475,0.6352819451629591,2996,1143,267,1228,190650.0
0.26999999999999996,0.523400601116359,0.8153846153846154,0.6375523012552301,3029,1110,276,1219,193500.0
0.27999999999999997,0.5289438798055678,0.8006688963210702,0.6370409792442788,3073,1066,298,1197,202300.0
0.29,0.5328202806699864,0.7872909698996655,0.6355291576673866,3107,1032,318,1177,210600.0
0.3,0.5413358243811303,0.7752508361204014,0.6375137513751375,3157,982,336,1159,217100.0
0.30999999999999994,0.5458452722063037,0.7645484949832776,0.6369462245750905,3188,951,352,1143,223550.0
0.31999999999999995,0.5538612887358584,0.7531772575250836,0.6383219954648526,3232,907,369,1126,229850.0
0.32999999999999996,0.5624683864441072,0.7438127090301003,0.6405529953917051,3274,865,383,1112,234750.0
0.33999999999999997,0.5676240208877285,0.7270903010033445,0.6375366568914956,3311,828,408,1087,245400.0
0.3499999999999999,0.5760343901128425,0.717056856187291,0.6388557806912991,3350,789,423,1072,250950.0
0.35999999999999993,0.581858407079646,0.7036789297658863,0.6369966696942174,3383,756,443,1052,259300.0
0.36999999999999994,0.5911949685534591,0.691638795986622,0.6374845869297164,3424,715,461,1034,266250.0
0.37999999999999995,0.5959834613112818,0.6749163879598662,0.6329987452948557,3455,684,486,1009,277200.0
0.38999999999999996,0.6041412911084044,0.6635451505016723,0.6324513866751673,3489,650,503,992,284000.0
0.3999999999999999,0.6102015113350125,0.6481605351170568,0.6286084982160234,3520,619,526,969,293950.0
0.4099999999999999,0.6199095022624435,0.6414715719063545,0.6305062458908612,3551,588,536,959,297400.0
0.41999999999999993,0.628418945963976,0.6301003344481605,0.6292585170340681,3582,557,553,942,304350.0
0.42999999999999994,0.6310746064339493,0.6167224080267558,0.6238159675236806,3600,539,573,922,313450.0
0.43999999999999995,0.6373239436619719,0.6053511705685619,0.6209262435677531,3624,515,590,905,320750.0
0.4499999999999999,0.6398550724637682,0.5906354515050167,0.6142608695652174,3642,497,612,883,330850.0
0.4599999999999999,0.6497386109036595,0.5819397993311036,0.6139731827805223,3670,469,625,870,335950.0
0.4699999999999999,0.6558641975308642,0.568561872909699,0.6091006807595843,3693,446,645,850,344800.0
0.4799999999999999,0.6626794258373205,0.5558528428093645,0.6045834849036014,3716,423,664,831,353150.0
0.48999999999999994,0.6683087027914614,0.5444816053511705,0.6000737191301143,3735,404,681,814,360700.0
0.49999999999999994,0.6731914893617021,0.5290969899665552,0.5925093632958801,3755,384,704,791,371200.0
0.5099999999999999,0.6728395061728395,0.5103678929765886,0.5804488398630658,3768,371,732,763,384550.0
0.5199999999999999,0.6755760368663595,0.4903010033444816,0.568217054263566,3787,352,762,733,398600.0
0.5299999999999999,0.6846673095467696,0.47491638795986624,0.5608214849921012,3812,327,785,710,408850.0
0.5399999999999999,0.691,0.46220735785953176,0.5539078156312626,3830,309,804,691,417450.0
0.5499999999999999,0.6934156378600823,0.4508361204013378,0.5464126469396028,3841,298,821,674,425400.0
0.5599999999999999,0.7023809523809523,0.43411371237458196,0.5365853658536586,3864,275,846,649,436750.0
0.57,0.699546485260771,0.41270903010033444,0.5191417753470762,3874,265,878,617,452250.0
0.58,0.7077844311377246,0.39531772575250834,0.5072961373390558,3895,244,904,591,464200.0
0.59,0.715,0.3826086956521739,0.4984749455337691,3911,228,923,572,472900.0
0.6,0.7263294422827496,0.3745819397993311,0.4942630185348632,3928,211,935,560,478050.0
0.61,0.7290233837689133,0.35451505016722407,0.47704770477047703,3942,197,965,530,492350.0
0.62,0.7325581395348837,0.33712374581939797,0.46174988547869905,3955,184,991,504,504700.0
0.63,0.7404580152671756,0.32441471571906355,0.4511627906976744,3969,170,1010,485,513500.0
0.6399999999999999,0.7544426494345718,0.31237458193979933,0.44181646168401134,3987,152,1028,467,521600.0
0.6499999999999999,0.7653061224489796,0.3010033444816054,0.4320691310609698,4001,138,1045,450,529400.0
0.6599999999999999,0.7697841726618705,0.2862876254180602,0.4173573866406631,4011,128,1067,428,539900.0
0.6699999999999999,0.7786407766990291,0.2682274247491639,0.3990049751243781,4025,114,1094,401,552700.0
0.6799999999999999,0.7871900826446281,0.2548494983277592,0.38504295098534613,4036,103,1114,381,562150.0
0.69,0.8,0.23812709030100335,0.3670103092783505,4050,89,1139,356,573950.0
0.7,0.8199513381995134,0.2254180602006689,0.35362014690451204,4065,74,1158,337,582700.0
0.71,0.8253164556962025,0.2180602006688963,0.344973544973545,4070,69,1169,326,587950.0
0.72,0.8256130790190735,0.20267558528428092,0.32545649838882923,4075,64,1192,303,599200.0
0.73,0.8362573099415205,0.19130434782608696,0.31137724550898205,4083,56,1209,286,607300.0
0.74,0.8456591639871383,0.17591973244147158,0.2912513842746401,4091,48,1232,263,618400.0
0.7499999999999999,0.8566433566433567,0.16387959866220736,0.2751263335204941,4098,41,1250,245,627050.0
0.7599999999999999,0.8730769230769231,0.15183946488294314,0.2586894586894587,4106,33,1268,227,635650.0
0.7699999999999999,0.8728813559322034,0.13779264214046824,0.23801270941652225,4109,30,1289,206,646000.0
0.7799999999999999,0.8915094339622641,0.12642140468227425,0.22144112478031636,4116,23,1306,189,654150.0
0.7899999999999999,0.8870967741935484,0.11036789297658862,0.19631171921475313,4118,21,1330,165,666050.0
0.7999999999999999,0.888235294117647,0.10100334448160535,0.18138138138138138,4120,19,1344,151,672950.0
0.8099999999999999,0.8974358974358975,0.09364548494983277,0.16959418534221685,4123,16,1355,140,678300.0
0.82,0.8857142857142857,0.08294314381270904,0.15168195718654434,4123,16,1371,124,686300.0
0.83,0.8803418803418803,0.06889632107023412,0.12779156327543426,4125,14,1392,103,696700.0
0.84,0.8681318681318682,0.05284280936454849,0.09962168978562422,4127,12,1416,79,708600.0
0.8499999999999999,0.8611111111111112,0.04147157190635452,0.07913209955328654,4129,10,1433,62,717000.0
0.8599999999999999,0.8688524590163934,0.03545150501672241,0.06812339331619537,4131,8,1442,53,721400.0
0.8699999999999999,0.875,0.028093645484949834,0.05443940375891121,4133,6,1453,42,726800.0
0.8799999999999999,0.8285714285714286,0.01939799331103679,0.03790849673202614,4133,6,1466,29,733300.0
0.8899999999999999,0.8095238095238095,0.01137123745819398,0.022427440633245383,4135,4,1478,17,739200.0
0.8999999999999999,0.8571428571428571,0.008026755852842809,0.015904572564612324,4137,2,1483,12,741600.0
0.9099999999999999,1.0,0.006688963210702341,0.013289036544850499,4139,0,1485,10,742500.0
0.9199999999999999,1.0,0.0026755852842809363,0.00533689126084056,4139,0,1491,4,745500.0
0.9299999999999999,1.0,0.0026755852842809363,0.00533689126084056,4139,0,1491,4,745500.0
0.94,1.0,0.0006688963210702341,0.001336898395721925,4139,0,1494,1,747000.0
0.95,0.0,0.0,0.0,4139,0,1495,0,747500.0
